lettre	fichier	iiif
CAC_ED_larochelle-bm-ms813-f118	CAC_ED_larochelle-bm-ms813-f118.jpg	https://api.nakala.fr/iiif/10.34847%2Fnkl.ea854009/530146e519abd6e287e5995570f561882b7b85ff/full/full/0/default.jpg
CAC_ED_nantes-labouchère-ms-820-51	CAC_ED_nantes-labouchère-ms-820-51-i01.jpg	https://api.nakala.fr/iiif/10.34847%2Fnkl.ccceg7o7/c86aa01731cc6b7ffc337bf4572d88897bd7267d/full/full/0/default.jpg
CAC_ED_nantes-labouchère-ms-820-51	CAC_ED_nantes-labouchère-ms-820-51-i02.jpg	https://api.nakala.fr/iiif/10.34847%2Fnkl.ccceg7o7/a03141d82809e74322467cfa6c9f823b30d72747/full/full/0/default.jpg
CAC_ED_bordeaux-am-ms918-f77	FRABM243300316_BORDEAUX_MS_0918_P077_01_B.tif	https://api.nakala.fr/iiif/10.34847%2Fnkl.eafepgk7/551b880b65e2581c9acd5efc8277fb57e73bbbdd/full/full/0/default.jpg
CAC_ED_bordeaux-am-ms918-f77	CAC_ED_bordeaux-am-ms918-f77-1.jpg	https://api.nakala.fr/iiif/10.34847%2Fnkl.eafepgk7/cb693644e5d3c130b5d982a71d2a5dadc14e296c/full/full/0/default.jpg
CAC_ED_bordeaux-am-ms918-f77	CAC_ED_bordeaux-am-ms918-f77-2.jpg	https://api.nakala.fr/iiif/10.34847%2Fnkl.eafepgk7/628f665f40d8a974c434266e6135ad02cb4d8843/full/full/0/default.jpg
CAC_ED_amsterdam-bu-dz47b	OTM hs Dz 47 b_001.tif	https://api.nakala.fr/iiif/10.34847%2Fnkl.f3bb255m/8a916ed52fbd0aaaf46b921e886492cf81e4ed61/full/full/0/default.jpg
CAC_ED_amsterdam-bu-dz47b	OTM hs Dz 47 b_002.tif	https://api.nakala.fr/iiif/10.34847%2Fnkl.f3bb255m/de69585e3202735d3c50ed3e8fde45f7eb1f8426/full/full/0/default.jpg
CAC_ED_amsterdam-bu-dz47a	OTM hs Dz 47 a_002.tif	https://api.nakala.fr/iiif/10.34847%2Fnkl.6cb2wtu4/c83ff2364c58272cf60eebec6561323ab4a58583/full/full/0/default.jpg
CAC_ED_amsterdam-bu-dz47a	OTM hs Dz 47 a_001.tif	https://api.nakala.fr/iiif/10.34847%2Fnkl.6cb2wtu4/ff9fc9b1a015b0ab1757a3313140c16bced56a55/full/full/0/default.jpg
CAC_ED_amsterdam-bu-43bt2	OTM hs 43 Bt 2.tif	https://api.nakala.fr/iiif/10.34847%2Fnkl.d351ya68/8e32132019ed09ea0dc0e953fe7d48d4ba40cc7d/full/full/0/default.jpg
CAC_ED_amsterdam-bu-cp37c	OTM hs Cp 37 c_001.tif	https://api.nakala.fr/iiif/10.34847%2Fnkl.d267r28t/2ee355188b800ee7bfd71b82c3cb42f2ab1e57dc/full/full/0/default.jpg
CAC_ED_amsterdam-bu-cp37c	OTM hs Cp 37 c_002.tif	https://api.nakala.fr/iiif/10.34847%2Fnkl.d267r28t/56199a9a6559685df481f3787180c8c3e9eee6e7/full/full/0/default.jpg
CAC_ED_creteil-ad-2j187-01	2 Num i 03792 - 2 J 187 piece 1 page 1.jpg	https://api.nakala.fr/iiif/10.34847%2Fnkl.7cb1gfgr/8c20b22d71e9c559a04a40782560431a46f0f8c2/full/full/0/default.jpg
CAC_ED_creteil-ad-2j187-01	2 Num i 03793 - 2 J 187 piece 1 page 2.jpg	https://api.nakala.fr/iiif/10.34847%2Fnkl.7cb1gfgr/46e7cf710d728f15da33cb6e03ae969720d2f07e/full/full/0/default.jpg
CAC_ED_creteil-ad-2j187-02	2 Num i 03796 - 2 J 187 piece 2 page 3.jpg	https://api.nakala.fr/iiif/10.34847%2Fnkl.ee49v475/d7877e42ce87e67e0207fa5472cfc8c1faaa0232/full/full/0/default.jpg
CAC_ED_creteil-ad-2j187-02	2 Num i 03797 - 2 J 187 piece 2 page 4.jpg	https://api.nakala.fr/iiif/10.34847%2Fnkl.ee49v475/829407f804280c239215504f9e857c614624cbcf/full/full/0/default.jpg
CAC_ED_creteil-ad-2j187-02	2 Num i 03795 - 2 J 187 piece 2 page 2.jpg	https://api.nakala.fr/iiif/10.34847%2Fnkl.ee49v475/c8779cf737c23b78383f1e505e444213cea411fb/full/full/0/default.jpg
CAC_ED_creteil-ad-2j187-02	2 Num i 03794 - 2 J 187 piece 2 page 1.jpg	https://api.nakala.fr/iiif/10.34847%2Fnkl.ee49v475/d1210c9bbca24cfdb45bfa6809acce5933176642/full/full/0/default.jpg
CAC_ED_creteil-ad-2j187-03	2 Num i 03799 - 2 J 187 piece 3 page 2.jpg	https://api.nakala.fr/iiif/10.34847%2Fnkl.29f437ib/aa595d37f0d4b47c78b78dc0dd7588f76f6c9859/full/full/0/default.jpg
CAC_ED_creteil-ad-2j187-03	2 Num i 03798 - 2 J 187 piece 3 page 1.jpg	https://api.nakala.fr/iiif/10.34847%2Fnkl.29f437ib/dcf55b941cbd3b325722a8c0d8078f4832bb216d/full/full/0/default.jpg
CAC_ED_creteil-ad-2j187-04	2 Num i 03800 - 2 J 187 piece 4.jpg	https://api.nakala.fr/iiif/10.34847%2Fnkl.447fd8f9/56c87e247ebcaa24eee5d68561ecabaf519c745f/full/full/0/default.jpg
CAC_ED_creteil-ad-2j187-05	2 Num i 03801 - 2 J 187 piece 5.jpg	https://api.nakala.fr/iiif/10.34847%2Fnkl.807dlk1p/5cbac4d678995bfcd13f3b6a88ae990acc213ae1/full/full/0/default.jpg
CAC_ED_creteil-ad-2j187-06	2 Num i 03802 - 2 J 187 piece 6 page 1.jpg	https://api.nakala.fr/iiif/10.34847%2Fnkl.9efczfap/769117d4c2e2850ca899b872bb5ddbdc379317a1/full/full/0/default.jpg
CAC_ED_creteil-ad-2j187-06	2 Num i 03804 - 2 J 187 piece 6 page 3.jpg	https://api.nakala.fr/iiif/10.34847%2Fnkl.9efczfap/4bfdc7568e43020a1c7e52b5712b1f2226661f99/full/full/0/default.jpg
CAC_ED_creteil-ad-2j187-06	2 Num i 03803 - 2 J 187 piece 6 page 2.jpg	https://api.nakala.fr/iiif/10.34847%2Fnkl.9efczfap/bcefd6e6c4416f613c865933b246f36e83ae4623/full/full/0/default.jpg
CAC_ED_creteil-ad-2j187-07	2 Num i 03811 - 2 J 187 piece 7 page 1.jpg	https://api.nakala.fr/iiif/10.34847%2Fnkl.eabdb80f/53f0e35666ca3d417af3df693f0ee978eba36ddf/full/full/0/default.jpg
CAC_ED_creteil-ad-2j187-07	2 Num i 03814 - 2 J 187 piece 7 page 4.jpg	https://api.nakala.fr/iiif/10.34847%2Fnkl.eabdb80f/fd1065068b39bf4cbf5a5ecfe60c108630eae1ee/full/full/0/default.jpg
CAC_ED_creteil-ad-2j187-07	2 Num i 03813 - 2 J 187 piece 7 page 3.jpg	https://api.nakala.fr/iiif/10.34847%2Fnkl.eabdb80f/c134a1b6a8acdee484d53033a0e7dbf5dc0f2afe/full/full/0/default.jpg
CAC_ED_creteil-ad-2j187-07	2 Num i 03812 - 2 J 187 piece 7 page 2.jpg	https://api.nakala.fr/iiif/10.34847%2Fnkl.eabdb80f/59cc6f40e7249f7a07ebe2774651c9a4f67051f3/full/full/0/default.jpg
CAC_ED_creteil-ad-2j187-08	2 Num i 03815 - 2 J 187 piece 8 page 1.jpg	https://api.nakala.fr/iiif/10.34847%2Fnkl.f1d5js8t/528f1759926a0d2c2bbac2a2f08835a35eed5b66/full/full/0/default.jpg
CAC_ED_creteil-ad-2j187-08	2 Num i 03818 - 2 J 187 piece 8 page 4.jpg	https://api.nakala.fr/iiif/10.34847%2Fnkl.f1d5js8t/41179eb4b06a01c5cd1ee165fa3ab57a8bf93213/full/full/0/default.jpg
CAC_ED_creteil-ad-2j187-08	2 Num i 03816 - 2 J 187 piece 8 page 2.jpg	https://api.nakala.fr/iiif/10.34847%2Fnkl.f1d5js8t/6d4aa6152de66f8a3cbaa88a2c89191d69fdfe9a/full/full/0/default.jpg
CAC_ED_creteil-ad-2j187-08	2 Num i 03817 - 2 J 187 piece 8 page 3.jpg	https://api.nakala.fr/iiif/10.34847%2Fnkl.f1d5js8t/183381e36c4ef0d7473ee94ebe89c684b7e90847/full/full/0/default.jpg
CAC_ED_creteil-ad-2j187-09	2 Num i 03822 - 2 J 187 piece 9 page 3.jpg	https://api.nakala.fr/iiif/10.34847%2Fnkl.10ff1t2a/6227958397008c488f58cbcd2843cc6ba04be72f/full/full/0/default.jpg
CAC_ED_creteil-ad-2j187-09	2 Num i 03823 - 2 J 187 piece 9 page 4.jpg	https://api.nakala.fr/iiif/10.34847%2Fnkl.10ff1t2a/793879d6423b03a5e5b97b272fe9af3035f63d87/full/full/0/default.jpg
CAC_ED_creteil-ad-2j187-09	2 Num i 03821 - 2 J 187 piece 9 page 2.jpg	https://api.nakala.fr/iiif/10.34847%2Fnkl.10ff1t2a/29653d539a7a663f6366d3b46a3c6c645b876edc/full/full/0/default.jpg
CAC_ED_creteil-ad-2j187-09	2 Num i 03820 - 2 J 187 piece 9 page 1.jpg	https://api.nakala.fr/iiif/10.34847%2Fnkl.10ff1t2a/794bc03e38ba6ad6ed957680ef713b5b10c813dd/full/full/0/default.jpg
CAC_ED_creteil-ad-2j187-10	2 Num i 03824 - 2 J 187 piece 10 page 1.jpg	https://api.nakala.fr/iiif/10.34847%2Fnkl.addeilqz/65818d0c499947586fc50074235479d504addc0a/full/full/0/default.jpg
CAC_ED_creteil-ad-2j187-10	2 Num i 03825 - 2 J 187 piece 10 page 2.jpg	https://api.nakala.fr/iiif/10.34847%2Fnkl.addeilqz/381f8c40a3109f1e351b641cf276434c20c38d51/full/full/0/default.jpg
CAC_ED_creteil-ad-2j187-11	2 Num i 03827 - 2 J 187 piece 11 page 2.jpg	https://api.nakala.fr/iiif/10.34847%2Fnkl.5a6cgfp2/7686b10a08926f1beee13a27eeba2e09a67407eb/full/full/0/default.jpg
CAC_ED_creteil-ad-2j187-11	2 Num i 03826 - 2 J 187 piece 11 page 1.jpg	https://api.nakala.fr/iiif/10.34847%2Fnkl.5a6cgfp2/91a5290fcd56da66d3182946e15b3f3ae3673983/full/full/0/default.jpg
CAC_ED_creteil-ad-2j187-12	2 Num i 03860 - 2 J 187 piece 12 page 1.jpg	https://api.nakala.fr/iiif/10.34847%2Fnkl.8a100zxl/0664d19f9accd5e0c9d852dd4a16c0813d6f3f22/full/full/0/default.jpg
CAC_ED_creteil-ad-2j187-12	2 Num i 03861 - 2 J 187 piece 12 page 2.jpg	https://api.nakala.fr/iiif/10.34847%2Fnkl.8a100zxl/f08a95e1f6fc80734b8b911fde08a63ef864d5c3/full/full/0/default.jpg
CAC_ED_creteil-ad-2j187-13	2 Num i 03862 - 2 J 187 piece 13 page 1.jpg	https://api.nakala.fr/iiif/10.34847%2Fnkl.e0fa9k1w/3a2aea7f372770eab1b29c95f7fcad00be1636e1/full/full/0/default.jpg
CAC_ED_creteil-ad-2j187-13	2 Num i 03864 - 2 J 187 piece 13 page 3.jpg	https://api.nakala.fr/iiif/10.34847%2Fnkl.e0fa9k1w/f52916d29e3b6a4522bf70b931b61a6b2dc0ae5c/full/full/0/default.jpg
CAC_ED_creteil-ad-2j187-13	2 Num i 03863 - 2 J 187 piece 13 page 2.jpg	https://api.nakala.fr/iiif/10.34847%2Fnkl.e0fa9k1w/914ebb5238ba17f638f0528cdf943d96b19bad02/full/full/0/default.jpg
CAC_ED_creteil-ad-2j187-14	2 Num i 03867 - 2 J 187 piece 14 page 3.jpg	https://api.nakala.fr/iiif/10.34847%2Fnkl.87f8r442/e026f657a00f9962eff66135591646b92c377811/full/full/0/default.jpg
CAC_ED_creteil-ad-2j187-14	2 Num i 03865 - 2 J 187 piece 14 page 1.jpg	https://api.nakala.fr/iiif/10.34847%2Fnkl.87f8r442/89073b3c7a2017c5f5ee96af986094d4d499a151/full/full/0/default.jpg
CAC_ED_creteil-ad-2j187-14	2 Num i 03866 - 2 J 187 piece 14 page 2.jpg	https://api.nakala.fr/iiif/10.34847%2Fnkl.87f8r442/644ee5d8c1f7e4097d2e7f053f3d99c27a6953cb/full/full/0/default.jpg
CAC_ED_creteil-ad-2j187-15	2 Num i 03869 - 2 J 187 piece 15 page 2.jpg	https://api.nakala.fr/iiif/10.34847%2Fnkl.bf33qn78/cdacdee13e53a196f7256be3408e6b005e52ab3f/full/full/0/default.jpg
CAC_ED_creteil-ad-2j187-15	2 Num i 03868 - 2 J 187 piece 15 page 1.jpg	https://api.nakala.fr/iiif/10.34847%2Fnkl.bf33qn78/6da454e2dfac09d5a68e07b6d17e18912f0c8403/full/full/0/default.jpg
CAC_ED_creteil-ad-2j187-15	2 Num i 03871 - 2 J 187 piece 15 page 4.jpg	https://api.nakala.fr/iiif/10.34847%2Fnkl.bf33qn78/4e3a97f89ffe5e190b80c31c10a8b11b99760f45/full/full/0/default.jpg
CAC_ED_creteil-ad-2j187-15	2 Num i 03870 - 2 J 187 piece 15 page 3.jpg	https://api.nakala.fr/iiif/10.34847%2Fnkl.bf33qn78/253e708d1b6fd490381e7b971c634a4a5d444967/full/full/0/default.jpg
CAC_ED_nantes-labouchère-ms820-52	B441096101_ms820_52_001.jpg	https://api.nakala.fr/iiif/10.34847%2Fnkl.3c0316s8/7ced266e6de33f8db6cac474bf84781410b78464/full/full/0/default.jpg
CAC_ED_nantes-labouchère-ms820-52	B441096101_ms820_52_002.jpg	https://api.nakala.fr/iiif/10.34847%2Fnkl.3c0316s8/8acd8f24236cbd89cdd569a04b98d9e44f9756a6/full/full/0/default.jpg
CAC_ED_nantes-labouchère-ms820-52	B441096101_ms820_52_003.jpg	https://api.nakala.fr/iiif/10.34847%2Fnkl.3c0316s8/8e148e14dbad139cdb6a92904428c8854a90b6e0/full/full/0/default.jpg
CAC_ED_amsterdam-bu-43bt1	OTM hs 43 Bt 1_001.jpg	https://api.nakala.fr/iiif/10.34847%2Fnkl.ce06a219/c5983c9fab3bf2904fddb2180e9296ab236ad218/full/full/0/default.jpg
CAC_ED_amsterdam-bu-43bt1	OTM hs 43 Bt 1_002.jpg	https://api.nakala.fr/iiif/10.34847%2Fnkl.ce06a219/ab47bbad6552ca5524be4be157a97740b9e55a17/full/full/0/default.jpg
CAC_ED_amsterdam-bu-43bt1	OTM hs 43 Bt 1_003.jpg	https://api.nakala.fr/iiif/10.34847%2Fnkl.ce06a219/1c8a8701c6c40aa63bc0d15ad2595a7d2eb9dec9/full/full/0/default.jpg
CAC_ED_creteil-ad-2j187-17	2 Num i 03876 - 2 J 187 piece 17 page 3.jpg	https://api.nakala.fr/iiif/10.34847%2Fnkl.d9c01j18/1496fa91496824c5d5bb0ced039775e5c87a0b67/full/full/0/default.jpg
CAC_ED_creteil-ad-2j187-17	2 Num i 03874 - 2 J 187 piece 17 page 1.jpg	https://api.nakala.fr/iiif/10.34847%2Fnkl.d9c01j18/faa8e645883e13bd4d69f9c6e5e5d3d241eee538/full/full/0/default.jpg
CAC_ED_creteil-ad-2j187-17	2 Num i 03875 - 2 J 187 piece 17 page 2.jpg	https://api.nakala.fr/iiif/10.34847%2Fnkl.d9c01j18/5f216585cbf3a8530d5648ce73d91f1064c07498/full/full/0/default.jpg
CAC_ED_creteil-ad-2j187-17	2 Num i 03877 - 2 J 187 piece 17 page 4.jpg	https://api.nakala.fr/iiif/10.34847%2Fnkl.d9c01j18/7a4a347197c3321775692a8349d6396c1c49c1e7/full/full/0/default.jpg
CAC_ED_inha-aut098-17-05-01	B751025206AU098-17-0951_01P.JPG	https://api.nakala.fr/iiif/10.34847%2Fnkl.9df12e17/9516f40ce126ef9bb39f76c417eefa807862e96e/full/full/0/default.jpg
CAC_ED_inha-aut098-17-05-01	B751025206AU098-17-0951_03P.JPG	https://api.nakala.fr/iiif/10.34847%2Fnkl.9df12e17/e7888cbd65851d6c8bef65ec4eef2f717319cb42/full/full/0/default.jpg
CAC_ED_inha-aut098-17-05-01	B751025206AU098-17-0951_02P.JPG	https://api.nakala.fr/iiif/10.34847%2Fnkl.9df12e17/a904de636dc849fbf62bf955ec3e290b388ee3e4/full/full/0/default.jpg
CAC_ED_auch-ad-1j-149	AD32_1J149_1.jpg	https://api.nakala.fr/iiif/10.34847%2Fnkl.03ab91d2/c637d355bd0869fdfb224f38b0438975d973bd84/full/full/0/default.jpg
CAC_ED_auch-ad-1j-149	AD32_1J149_2.jpg	https://api.nakala.fr/iiif/10.34847%2Fnkl.03ab91d2/26596ffb50ab0bed2adfd52bfa9151efd02c07fa/full/full/0/default.jpg
CAC_ED_inha-ms236-01	CAC_ED_inha-ms236-01_1.jpg	https://api.nakala.fr/iiif/10.34847%2Fnkl.52fc332r/389207dbb4f978aa17ba5a657ad40dd79ce51e28/full/full/0/default.jpg
CAC_ED_inha-ms236-01	CAC_ED_inha-ms236-01_2.jpg	https://api.nakala.fr/iiif/10.34847%2Fnkl.52fc332r/b1a12ce682146b4a51a0fa8d53b8132b777fb758/full/full/0/default.jpg
CAC_ED_inha-ms236-01	CAC_ED_inha-ms236-01_3.jpg	https://api.nakala.fr/iiif/10.34847%2Fnkl.52fc332r/3174fae52990870d49e14e01b9bc79711e5b817f/full/full/0/default.jpg
CAC_ED_creteil-ad-2j187-25	2 Num i 03898 - 2 J 187 piece 25 page 1.jpg	https://api.nakala.fr/iiif/10.34847%2Fnkl.fc084569/635703e785f63b7a65230eb23e8d53a07db79839/full/full/0/default.jpg
CAC_ED_creteil-ad-2j187-25	2 Num i 03899 - 2 J 187 piece 25 page 2.jpg	https://api.nakala.fr/iiif/10.34847%2Fnkl.fc084569/3092cbbce7c94bac71ff33c02895f1d93fb6e734/full/full/0/default.jpg
CAC_ED_creteil-ad-2j187-16	2 Num i 03872 - 2 J 187 piece 16 page 1.jpg	https://api.nakala.fr/iiif/10.34847%2Fnkl.927c2nqr/7c04ab46440e528305bc57961a9c62938b2955b4/full/full/0/default.jpg
CAC_ED_creteil-ad-2j187-16	2 Num i 03873 - 2 J 187 piece 16 page 2.jpg	https://api.nakala.fr/iiif/10.34847%2Fnkl.927c2nqr/1967a4fe36821ab6ed4042d53ea44e113688e3ae/full/full/0/default.jpg
CAC_ED_creteil-ad-2j187-18	2 Num i 03879 - 2 J 187 piece 18 page 2.jpg	https://api.nakala.fr/iiif/10.34847%2Fnkl.004ap347/e76711ee1d3d352c134797e8a1cbc1c0edcbfc9c/full/full/0/default.jpg
CAC_ED_creteil-ad-2j187-18	2 Num i 03878 - 2 J 187 piece 18 page 1.jpg	https://api.nakala.fr/iiif/10.34847%2Fnkl.004ap347/7e5f019732bfd99cc2a322141ce336b42fa3f4a5/full/full/0/default.jpg
CAC_ED_creteil-ad-2j187-19	2 Num i 03884 - 2 J 187 piece 19 page 5.jpg	https://api.nakala.fr/iiif/10.34847%2Fnkl.c6d842ip/13b74049f5f18b09b4f3f2b369ef7f68fb810de8/full/full/0/default.jpg
CAC_ED_creteil-ad-2j187-19	2 Num i 03881 - 2 J 187 piece 19 page 2.jpg	https://api.nakala.fr/iiif/10.34847%2Fnkl.c6d842ip/db70a4b62c301743378b8a3df5dee0bc410f30aa/full/full/0/default.jpg
CAC_ED_creteil-ad-2j187-19	2 Num i 03880 - 2 J 187 piece 19 page 1.jpg	https://api.nakala.fr/iiif/10.34847%2Fnkl.c6d842ip/db0f0094cce3eb6ff11f21b8661d3c630c6b5995/full/full/0/default.jpg
CAC_ED_creteil-ad-2j187-19	2 Num i 03882 - 2 J 187 piece 19 page 3.jpg	https://api.nakala.fr/iiif/10.34847%2Fnkl.c6d842ip/255f4fe16f21aa95c9ec705d7b399e51ef773242/full/full/0/default.jpg
CAC_ED_creteil-ad-2j187-19	2 Num i 03883 - 2 J 187 piece 19 page 4.jpg	https://api.nakala.fr/iiif/10.34847%2Fnkl.c6d842ip/a9168e0343f7eb14ff91b047c7ee06b05b2fb5b5/full/full/0/default.jpg
CAC_ED_creteil-ad-2j187-20	2 Num i 03886 - 2 J 187 piece 20 page 2.jpg	https://api.nakala.fr/iiif/10.34847%2Fnkl.e63ftyth/1ae66f23a20e9336e6b6b788f4284b2871450ab6/full/full/0/default.jpg
CAC_ED_creteil-ad-2j187-20	2 Num i 03885 - 2 J 187 piece 20 page 1.jpg	https://api.nakala.fr/iiif/10.34847%2Fnkl.e63ftyth/3a631f7e549c0c1bd9341b540b4bc3586a3b8aaf/full/full/0/default.jpg
CAC_ED_creteil-ad-2j187-20	2 Num i 03887 - 2 J 187 piece 20 page 3.jpg	https://api.nakala.fr/iiif/10.34847%2Fnkl.e63ftyth/4d02a61e5e9a1d4f6066b39e0470b50ce925956c/full/full/0/default.jpg
CAC_ED_creteil-ad-2j187-21	2 Num i 03888 - 2 J 187 piece 21 page 1.jpg	https://api.nakala.fr/iiif/10.34847%2Fnkl.c499dbiz/b9cf4881f1491c7d8737ab43f333b1c43ce3b7a4/full/full/0/default.jpg
CAC_ED_creteil-ad-2j187-21	2 Num i 03889 - 2 J 187 piece 21 page 2.jpg	https://api.nakala.fr/iiif/10.34847%2Fnkl.c499dbiz/2e37dd1b5b5a9d4192e426033f77ccfd7b2594aa/full/full/0/default.jpg
CAC_ED_creteil-ad-2j187-21	2 Num i 03890 - 2 J 187 piece 21 page 3.jpg	https://api.nakala.fr/iiif/10.34847%2Fnkl.c499dbiz/2de9fa5ccda71c786e64a9b8cc0be41193cb6a16/full/full/0/default.jpg
CAC_ED_creteil-ad-2j187-22	2 Num i 03891 - 2 J 187 piece 22 page 1.jpg	https://api.nakala.fr/iiif/10.34847%2Fnkl.aaa5wx09/1f15cf4becacb671fcb6cb13e3d4495ce3ba8878/full/full/0/default.jpg
CAC_ED_creteil-ad-2j187-22	2 Num i 03893 - 2 J 187 piece 22 page 3.jpg	https://api.nakala.fr/iiif/10.34847%2Fnkl.aaa5wx09/756651a66b7a6f530f9fc765e3e48df0fa1d2d4d/full/full/0/default.jpg
CAC_ED_creteil-ad-2j187-22	2 Num i 03892 - 2 J 187 piece 22 page 2.jpg	https://api.nakala.fr/iiif/10.34847%2Fnkl.aaa5wx09/8ea74170dcda1f94bcdefdd7376d48e79589f21c/full/full/0/default.jpg
CAC_ED_creteil-ad-2j187-22	2 Num i 03894 - 2 J 187 piece 22 page 4.jpg	https://api.nakala.fr/iiif/10.34847%2Fnkl.aaa5wx09/4daf21f76dd3cbda981ea668c38607db1ef700bc/full/full/0/default.jpg
CAC_ED_creteil-ad-2j187-23	2 Num i 03895 - 2 J 187 piece 23 page 1.jpg	https://api.nakala.fr/iiif/10.34847%2Fnkl.bcf8940w/f175f3a8a9d012001319a6d8c68917a49b417f94/full/full/0/default.jpg
CAC_ED_creteil-ad-2j187-23	2 Num i 03896 - 2 J 187 piece 23 page 2.jpg	https://api.nakala.fr/iiif/10.34847%2Fnkl.bcf8940w/959feb734ac4c7f894c1bbd0f87f562bc4f9f0a9/full/full/0/default.jpg
CAC_ED_creteil-ad-2j187-24	2 Num i 03897 - 2 J 187 piece 24.jpg	https://api.nakala.fr/iiif/10.34847%2Fnkl.5bf7y54y/9570ec01cb10eb8dd2ae1f68223447e3c58acaca/full/full/0/default.jpg
CAC_ED_creteil-ad-2j187-26	2 Num i 03900 - 2 J 187 piece 26 page 1.jpg	https://api.nakala.fr/iiif/10.34847%2Fnkl.7bcca158/6329ff224764ddda535d503e09337fd920eec4b0/full/full/0/default.jpg
CAC_ED_creteil-ad-2j187-26	2 Num i 03901 - 2 J 187 piece 26 page 2.jpg	https://api.nakala.fr/iiif/10.34847%2Fnkl.7bcca158/db8e9e3dd254326854098cf0aa38fe82ca9c24bd/full/full/0/default.jpg
CAC_ED_creteil-ad-2j187-27	2 Num i 03902 - 2 J 187 piece 27 page 1.jpg	https://api.nakala.fr/iiif/10.34847%2Fnkl.24be437u/360698ebb75753903bb4b9645f37b419c970f9b0/full/full/0/default.jpg
CAC_ED_creteil-ad-2j187-27	2 Num i 03904 - 2 J 187 piece 27 page 3.jpg	https://api.nakala.fr/iiif/10.34847%2Fnkl.24be437u/609cb36058289899f7ac21c6c57250d9fda03cff/full/full/0/default.jpg
CAC_ED_creteil-ad-2j187-27	2 Num i 03903 - 2 J 187 piece 27 page 2.jpg	https://api.nakala.fr/iiif/10.34847%2Fnkl.24be437u/afd0104693c4b530d6984848b97dee33ad5da61d/full/full/0/default.jpg
CAC_ED_creteil-ad-2j187-27	2 Num i 03905 - 2 J 187 piece 27 page 4.jpg	https://api.nakala.fr/iiif/10.34847%2Fnkl.24be437u/be1e5abde1060c83bed5df91bbc1bc77cdf8a439/full/full/0/default.jpg
CAC_ED_creteil-ad-2j187-28	2 Num i 03906 - 2 J 187 piece 28 page 1.jpg	https://api.nakala.fr/iiif/10.34847%2Fnkl.b7ac2bv0/02b2a8e5d0f1a7379b906026f456b95ce208ac7e/full/full/0/default.jpg
CAC_ED_creteil-ad-2j187-28	2 Num i 03908 - 2 J 187 piece 28 page 3.jpg	https://api.nakala.fr/iiif/10.34847%2Fnkl.b7ac2bv0/9ad796a8a2048be50f52a611dd352c1a27f824da/full/full/0/default.jpg
CAC_ED_creteil-ad-2j187-28	2 Num i 03907 - 2 J 187 piece 28 page 2.jpg	https://api.nakala.fr/iiif/10.34847%2Fnkl.b7ac2bv0/eae8224d878dda1a13516ef3f45d71ac97af71f4/full/full/0/default.jpg
CAC_ED_creteil-ad-2j187-29	2 Num i 03911 - 2 J 187 piece 29 page 3.jpg	https://api.nakala.fr/iiif/10.34847%2Fnkl.97cauuv0/c4ceb195f5e3879eab984baeed99814c4240805a/full/full/0/default.jpg
CAC_ED_creteil-ad-2j187-29	2 Num i 03909 - 2 J 187 piece 29 page 1.jpg	https://api.nakala.fr/iiif/10.34847%2Fnkl.97cauuv0/1077d6b46db722e530939c77b5fb0d0ecd02e627/full/full/0/default.jpg
CAC_ED_creteil-ad-2j187-29	2 Num i 03910 - 2 J 187 piece 29 page 2.jpg	https://api.nakala.fr/iiif/10.34847%2Fnkl.97cauuv0/22724e177778f3bf382e3d81e35ebc109ed674a6/full/full/0/default.jpg
CAC_ED_creteil-ad-2j187-30	2 Num i 03914 - 2 J 187 piece 30 page 3.jpg	https://api.nakala.fr/iiif/10.34847%2Fnkl.b4683us1/53e1cb81bdf2d8d3f24e74c55e0b5d846b9948db/full/full/0/default.jpg
CAC_ED_creteil-ad-2j187-30	2 Num i 03913 - 2 J 187 piece 30 page 2.jpg	https://api.nakala.fr/iiif/10.34847%2Fnkl.b4683us1/fe588342a207053a5dcf3a84e115ecdf11b8c942/full/full/0/default.jpg
CAC_ED_creteil-ad-2j187-30	2 Num i 03912 - 2 J 187 piece 30 page 1.jpg	https://api.nakala.fr/iiif/10.34847%2Fnkl.b4683us1/577c85a12d5df2a785de42b8968c927cf2bbc94c/full/full/0/default.jpg
CAC_ED_creteil-ad-2j187-31	2 Num i 03915 - 2 J 187 piece 31 page 1.jpg	https://api.nakala.fr/iiif/10.34847%2Fnkl.5ff3pkkp/42f4f871e1999abb3a4708e899f3ed87850feddc/full/full/0/default.jpg
CAC_ED_creteil-ad-2j187-31	2 Num i 03916 - 2 J 187 piece 31 page 2.jpg	https://api.nakala.fr/iiif/10.34847%2Fnkl.5ff3pkkp/aa0b9fe30d00669b4d1f174df0b9dfa3c970a1d5/full/full/0/default.jpg
CAC_ED_creteil-ad-2j187-32	2 Num i 03918 - 2 J 187 piece 32 page 2.jpg	https://api.nakala.fr/iiif/10.34847%2Fnkl.cf4343hl/ba9974b3cfe854166c8e2a019453424899e19b56/full/full/0/default.jpg
CAC_ED_creteil-ad-2j187-32	2 Num i 03919 - 2 J 187 piece 32 page 3.jpg	https://api.nakala.fr/iiif/10.34847%2Fnkl.cf4343hl/73b02c61ca55a515ffd047c8f2bbccfadfe980bb/full/full/0/default.jpg
CAC_ED_creteil-ad-2j187-32	2 Num i 03917 - 2 J 187 piece 32 page 1.jpg	https://api.nakala.fr/iiif/10.34847%2Fnkl.cf4343hl/c82f1522f2a91a2027725e3fff3cab388fec1d52/full/full/0/default.jpg
CAC_ED_creteil-ad-2j187-33	2 Num i 03920 - 2 J 187 piece 33 page 1.jpg	https://api.nakala.fr/iiif/10.34847%2Fnkl.f77bqma2/8b1cb1bd7819a2e0db25f23dff613c40887b034d/full/full/0/default.jpg
CAC_ED_creteil-ad-2j187-33	2 Num i 03921 - 2 J 187 piece 33 page 2.jpg	https://api.nakala.fr/iiif/10.34847%2Fnkl.f77bqma2/4dd1c67fed1fb81acf861d8d6afb5fa4e929ca54/full/full/0/default.jpg
CAC_ED_creteil-ad-2j187-33	2 Num i 03923 - 2 J 187 piece 33 page 4.jpg	https://api.nakala.fr/iiif/10.34847%2Fnkl.f77bqma2/85384642970041c5505c8ea8fd8bdafad613b0a8/full/full/0/default.jpg
CAC_ED_creteil-ad-2j187-33	2 Num i 03922 - 2 J 187 piece 33 page 3.jpg	https://api.nakala.fr/iiif/10.34847%2Fnkl.f77bqma2/d3a7b3fff850c648da4d96006cfd857bf4b74e83/full/full/0/default.jpg
CAC_ED_creteil-ad-2j187-34	2 Num i 03924 - 2 J 187 piece 34.jpg	https://api.nakala.fr/iiif/10.34847%2Fnkl.a286q84j/bca90a660e8aed5824d513cea8cb734c1b36406d/full/full/0/default.jpg
CAC_ED_creteil-ad-2j187-35	2 Num i 03928 - 2 J 187 piece 35 page 4.jpg	https://api.nakala.fr/iiif/10.34847%2Fnkl.d46brt5u/b2d22e471fdccea876f41aa49d106cbbdbf48158/full/full/0/default.jpg
CAC_ED_creteil-ad-2j187-35	2 Num i 03926 - 2 J 187 piece 35 page 2.jpg	https://api.nakala.fr/iiif/10.34847%2Fnkl.d46brt5u/83dbde73d5e47853eff9f7d9d2cee0ef88aaee41/full/full/0/default.jpg
CAC_ED_creteil-ad-2j187-35	2 Num i 03925 - 2 J 187 piece 35 page 1.jpg	https://api.nakala.fr/iiif/10.34847%2Fnkl.d46brt5u/6db6f76507f562bc80966c7f2efd21590c3b5aeb/full/full/0/default.jpg
CAC_ED_creteil-ad-2j187-35	2 Num i 03927 - 2 J 187 piece 35 page 3.jpg	https://api.nakala.fr/iiif/10.34847%2Fnkl.d46brt5u/da713230345dc87d97bfa8b54cd2dc518219c769/full/full/0/default.jpg
CAC_ED_creteil-ad-2j187-36	2 Num i 03929 - 2 J 187 piece 36 page 1.jpg	https://api.nakala.fr/iiif/10.34847%2Fnkl.8876pt1t/aef508e0576741bfabd8e7c135abfff216ba2d26/full/full/0/default.jpg
CAC_ED_creteil-ad-2j187-36	2 Num i 03930 - 2 J 187 piece 36 page 2.jpg	https://api.nakala.fr/iiif/10.34847%2Fnkl.8876pt1t/c85438f96b3b968174917840b23fb211c75f86ae/full/full/0/default.jpg
CAC_ED_creteil-ad-2j187-37	2 Num i 03932 - 2 J 187 piece 37 page 2.jpg	https://api.nakala.fr/iiif/10.34847%2Fnkl.39d0788p/12d39e1c0111d644e11af634b45ba3b6252648c2/full/full/0/default.jpg
CAC_ED_creteil-ad-2j187-37	2 Num i 03933 - 2 J 187 piece 37 page 3.jpg	https://api.nakala.fr/iiif/10.34847%2Fnkl.39d0788p/c0f239f502a3680c72d75556455db3016b76cb2b/full/full/0/default.jpg
CAC_ED_creteil-ad-2j187-37	2 Num i 03931 - 2 J 187 piece 37 page 1.jpg	https://api.nakala.fr/iiif/10.34847%2Fnkl.39d0788p/61fb371c16b8f59ca10c5efd675767add18d9b9c/full/full/0/default.jpg
CAC_ED_creteil-ad-2j187-38	2 Num i 03934 - 2 J 187 piece 38.jpg	https://api.nakala.fr/iiif/10.34847%2Fnkl.cadbnhag/2beddeeb261d2a3314fbfa6843fe36be874522ed/full/full/0/default.jpg
CAC_ED_creteil-ad-2j187-39	2 Num i 03935 - 2 J 187 piece 39 page 1.jpg	https://api.nakala.fr/iiif/10.34847%2Fnkl.0c3et96i/d2d638ebb59e0286f16cdc379b09f52b46de5d6a/full/full/0/default.jpg
CAC_ED_creteil-ad-2j187-39	2 Num i 03936 - 2 J 187 piece 39 page 2.jpg	https://api.nakala.fr/iiif/10.34847%2Fnkl.0c3et96i/5ca46eac9c576bc2f573efe06265ff4308a569d7/full/full/0/default.jpg
CAC_ED_creteil-ad-2j187-39	2 Num i 03937 - 2 J 187 piece 39 page 3.jpg	https://api.nakala.fr/iiif/10.34847%2Fnkl.0c3et96i/0b0c22302599ebc8ad9b5cbc51d06acbbb3636c2/full/full/0/default.jpg
CAC_ED_creteil-ad-2j187-40	2 Num i 03938 - 2 J 187 piece 40 page 1.jpg	https://api.nakala.fr/iiif/10.34847%2Fnkl.13beb0x7/21fd5aeda2bf8b92839c4fa88408db1058347b10/full/full/0/default.jpg
CAC_ED_creteil-ad-2j187-40	2 Num i 03939 - 2 J 187 piece 40 page 2.jpg	https://api.nakala.fr/iiif/10.34847%2Fnkl.13beb0x7/8168a0725069964317a2a7329088d33cc8addf09/full/full/0/default.jpg
CAC_ED_creteil-ad-2j187-40	2 Num i 03941 - 2 J 187 piece 40 page 4.jpg	https://api.nakala.fr/iiif/10.34847%2Fnkl.13beb0x7/513833c1952c8fd6b3c39ee0808b2f82ce658b9c/full/full/0/default.jpg
CAC_ED_creteil-ad-2j187-40	2 Num i 03940 - 2 J 187 piece 40 page 3.jpg	https://api.nakala.fr/iiif/10.34847%2Fnkl.13beb0x7/717a5312b66beffda3817a5901576d7fa11f7e01/full/full/0/default.jpg
CAC_ED_creteil-ad-2j187-41	2 Num i 03942 - 2 J 187 piece 41 page 1.jpg	https://api.nakala.fr/iiif/10.34847%2Fnkl.4dfco2n8/7daa9bdf0506ba40099e5c1973091f595eb14e1f/full/full/0/default.jpg
CAC_ED_creteil-ad-2j187-41	2 Num i 03943 - 2 J 187 piece 41 page 2.jpg	https://api.nakala.fr/iiif/10.34847%2Fnkl.4dfco2n8/30ade9e89d7ed379ab10e26478183fa19abdbb12/full/full/0/default.jpg
CAC_ED_creteil-ad-2j187-42	2 Num i 03946 - 2 J 187 piece 42 page 3.jpg	https://api.nakala.fr/iiif/10.34847%2Fnkl.a4c5184o/eadfc5046bd11c76922c5bab6066698d1509b4d5/full/full/0/default.jpg
CAC_ED_creteil-ad-2j187-42	2 Num i 03944 - 2 J 187 piece 42 page 1.jpg	https://api.nakala.fr/iiif/10.34847%2Fnkl.a4c5184o/bdd1e77794f95424e0814ca0d514e5f83ca99a62/full/full/0/default.jpg
CAC_ED_creteil-ad-2j187-42	2 Num i 03945 - 2 J 187 piece 42 page 2.jpg	https://api.nakala.fr/iiif/10.34847%2Fnkl.a4c5184o/cac0587221be2ac24568a4eb904da98d16b5d8b1/full/full/0/default.jpg
CAC_ED_creteil-ad-2j187-43	2 Num i 03947 - 2 J 187 piece 43 page 1.jpg	https://api.nakala.fr/iiif/10.34847%2Fnkl.fb1067ep/e7bc4711b9831bd4277598a5db0a971a80f03cac/full/full/0/default.jpg
CAC_ED_creteil-ad-2j187-43	2 Num i 03950 - 2 J 187 piece 43 page 4.jpg	https://api.nakala.fr/iiif/10.34847%2Fnkl.fb1067ep/fbc22ad16e4d9a46a816c08f109b6de7f5a05bc4/full/full/0/default.jpg
CAC_ED_creteil-ad-2j187-43	2 Num i 03949 - 2 J 187 piece 43 page 3.jpg	https://api.nakala.fr/iiif/10.34847%2Fnkl.fb1067ep/0b9e2854727554ff58a1c1274f604553d5252298/full/full/0/default.jpg
CAC_ED_creteil-ad-2j187-43	2 Num i 03948 - 2 J 187 piece 43 page 2.jpg	https://api.nakala.fr/iiif/10.34847%2Fnkl.fb1067ep/bc5f5a6474eb0855d6d973927155b90212100070/full/full/0/default.jpg
CAC_ED_creteil-ad-2j187-44	2 Num i 03951 - 2 J 187 piece 44 page 1.jpg	https://api.nakala.fr/iiif/10.34847%2Fnkl.1e42tq70/68da6a6d520feeea4b7eee162438c80e8456930d/full/full/0/default.jpg
CAC_ED_creteil-ad-2j187-44	2 Num i 03952 - 2 J 187 piece 44 page 2.jpg	https://api.nakala.fr/iiif/10.34847%2Fnkl.1e42tq70/6660c27415bc7474cb69ef0186dd255125f58f18/full/full/0/default.jpg
CAC_ED_creteil-ad-2j187-44	2 Num i 03953 - 2 J 187 piece 44 page 3.jpg	https://api.nakala.fr/iiif/10.34847%2Fnkl.1e42tq70/d4bb2ca439e706c042d5319ed42931e99f49b5be/full/full/0/default.jpg
